Billing Country (Dummy),Billing State (Dummy),Browser (Dummy),Created By (Dummy),Device Brand (Dummy),Device Type (Dummy),Email Status (Dummy),Event Type (Dummy),Order Source (Dummy),Order Status (Dummy) ,Os (Dummy),Os Version (Dummy),Payment Method (Dummy),Segment (Dummy),Updated By (Dummy),Discounted Price,Item Count,Quantity,Shipping,Total Amount,Unit Price
2,4,1,2,1,1,2,2,2,1,1,1,2,2,1,37500,3,3,0,3442000,11500
2,4,4,2,4,2,2,2,2,1,2,4,2,2,1,39000,3,3,0,3000000,11500
2,4,2,2,4,4,2,2,2,1,2,2,2,2,1,63000,4,4,0,2875000,14750
1,1,3,1,4,2,2,2,2,1,2,4,2,2,1,88000,4,4,0,2740000,20500
1,1,3,1,4,2,2,2,2,1,2,3,2,2,1,1000,1,1,0,2636000,295000
1,1,3,1,2,2,2,2,2,1,2,4,2,2,1,27800,2,2,0,2320850,13000
1,1,3,1,3,2,2,2,2,1,2,4,3,2,1,15500,1,1,0,2170000,14750
2,4,1,2,1,1,2,2,2,1,1,1,2,2,1,24950,7,5,0,2110000,650
1,1,3,2,4,2,3,2,2,1,2,3,3,2,1,25000,2,2,0,2102300,11500
1,1,3,1,3,2,2,2,2,1,2,2,2,2,1,26000,2,2,0,2000000,12000
2,2,1,2,1,1,2,2,2,4,1,1,2,2,1,12750,1,1,0,1905080,11500
2,2,4,2,3,2,2,2,2,1,2,4,2,2,1,12750,1,1,1250,1876500,11500
2,4,4,2,4,2,2,2,2,1,2,4,3,2,1,16250,1,1,0,1795000,14750
1,1,2,1,1,3,2,2,2,1,3,3,2,2,1,16250,1,1,0,1750000,14750
2,4,1,2,1,1,2,2,2,1,1,1,2,2,1,165750,13,13,0,1725000,11500
2,4,1,2,1,1,2,2,2,1,1,1,2,2,1,42000,3,3,0,1611000,13000
1,1,2,1,1,3,3,2,2,1,3,3,2,2,1,36250,1,1,0,1513990,35250
2,4,2,1,1,3,2,2,2,1,3,3,2,2,1,14000,1,1,0,1381500,13000
1,1,3,2,4,2,2,2,2,1,2,2,2,2,1,22000,1,1,0,1365200,20500
2,3,1,2,1,1,2,2,2,1,1,1,2,2,1,5775,3,3,0,1340790,16750
2,4,1,2,1,1,2,2,2,1,1,1,2,2,1,73000,4,4,0,1256000,16750
2,4,3,2,3,2,2,2,2,1,2,4,2,2,1,88750,5,5,0,1156516,16750
2,4,4,2,4,2,2,2,2,1,2,2,2,2,1,64500,4,2,0,1155000,17250
1,1,3,1,3,2,2,2,2,1,2,4,2,2,1,48000,3,3,0,1140000,15000
1,1,3,1,4,2,2,2,2,1,2,4,2,2,1,2400,1,1,0,1129250,2400
2,3,3,2,3,2,2,2,2,1,2,3,2,2,1,3900,1,1,0,1110000,3000
1,1,2,1,1,3,2,2,2,1,3,3,2,2,1,72000,4,4,0,1098340,16750
2,4,4,2,1,3,2,2,2,1,3,2,3,2,1,31000,2,1,0,1098000,13000
1,1,2,1,1,3,2,2,2,1,3,3,2,2,1,13750,1,1,0,1076050,13000
2,4,1,2,1,1,2,2,2,1,1,1,2,2,1,81755,5,5,0,1027800,16000
1,1,2,1,1,3,2,2,2,1,3,3,2,2,1,21750,1,1,0,1027300,20500
2,4,3,2,4,2,2,2,2,1,2,3,2,3,1,63050,4,2,0,1020000,13000
1,1,2,1,1,3,3,2,2,4,3,3,2,2,1,166580,279,279,0,1020000,520
1,1,2,1,4,4,2,2,2,1,2,2,2,2,1,1156516,1000,1000,0,1016000,1620
1,1,2,1,1,3,3,2,2,1,3,2,2,2,1,154500,9,4,0,959100,20500
2,4,1,2,1,1,2,2,2,1,1,1,2,2,1,17500,1,1,0,944500,16000
2,4,3,2,4,2,2,2,2,1,2,4,2,2,1,54750,3,3,0,908600,16750
1,1,3,1,4,2,2,2,2,1,2,2,2,2,1,18250,1,1,0,899200,16750
2,4,2,2,1,3,2,2,2,1,3,2,2,3,1,37500,1,1,0,820000,34000
1,1,3,1,3,2,2,2,2,1,2,4,2,2,1,17750,1,1,0,800000,16750
1,1,3,1,4,2,2,2,2,1,2,4,2,2,1,500,3,3,0,776000,16750
1,1,3,3,4,2,2,2,2,1,2,2,3,2,1,27500,2,2,0,767400,13000
1,1,2,1,1,3,2,2,2,1,3,2,2,2,1,15600,1,1,0,759500,15000
1,1,1,1,1,1,3,2,2,1,1,1,2,2,1,14500,1,1,0,733500,13000
2,2,1,2,1,1,2,2,2,1,1,1,2,2,1,57750,3,3,0,704400,18000
2,3,3,2,4,2,2,2,2,1,2,4,2,2,1,18900,1,1,0,669000,18000
2,4,1,2,1,1,2,2,2,1,1,1,2,2,1,34000,2,2,0,637950,15500
1,1,2,1,1,3,2,2,2,1,3,2,2,2,1,36500,2,2,0,630000,16750
2,4,1,2,1,1,2,2,2,1,1,1,2,2,1,18250,1,1,0,627500,17250
1,1,2,1,1,3,2,2,2,1,3,3,2,2,1,134250,6,5,0,622465,18000
1,1,2,1,1,3,2,2,2,1,3,2,2,2,1,3500,1,1,0,618200,3500
1,1,2,1,1,3,2,2,2,1,3,2,2,2,1,18250,1,1,0,618000,16750
2,4,1,2,1,1,3,2,2,1,1,1,2,2,1,19200,1,1,0,614000,18000
2,2,3,2,2,2,2,2,2,1,2,3,3,2,1,28500,2,2,0,585000,13000
1,1,2,1,1,3,3,2,2,1,3,2,2,2,1,18000,1,1,0,583650,16750
1,1,3,1,4,2,2,2,2,1,2,3,2,2,1,500,12,3,0,565000,2000
2,4,1,2,1,1,2,2,2,1,1,1,2,2,1,14000,1,1,0,540000,13000
2,4,1,2,1,1,2,2,2,1,1,1,1,2,1,0,1,1,0,523365,3500
2,4,1,2,1,1,2,2,2,1,1,1,2,2,1,127750,7,7,0,494000,17250
1,1,2,1,1,3,2,2,2,1,3,2,2,2,1,101000,1,1,0,481000,74500
1,1,2,1,1,3,2,2,2,1,3,2,2,2,1,565000,60,60,0,480000,7100
1,1,4,1,4,2,2,2,2,1,4,4,3,2,1,500,5,5,0,467800,17550
1,1,2,1,1,3,2,2,2,1,3,3,2,2,1,464800,2,2,0,466500,230000
2,4,1,2,1,1,2,2,2,1,1,1,2,2,1,18500,1,1,0,464800,17500
2,4,1,2,1,1,3,2,2,1,1,1,2,2,1,128000,58,6,0,462000,1600
2,3,1,2,1,1,2,2,2,1,1,1,2,2,1,183000,2,2,0,462000,72000
2,3,1,2,1,1,2,2,2,1,1,1,2,2,1,38800,2,2,0,460600,18500
1,1,3,2,3,2,2,2,2,1,2,3,3,2,1,1000,7,2,0,460000,17500
1,1,4,1,4,2,2,2,2,1,4,4,3,2,1,45500,2,2,0,453500,20750
2,4,3,2,4,2,2,2,2,1,2,4,3,2,1,20000,1,1,0,452700,18500
1,1,2,3,1,3,3,2,2,1,3,2,2,2,1,3500,1,1,0,447500,3500
2,4,3,2,4,2,2,2,2,1,2,3,2,2,1,17000,10,10,0,440000,1700
1,1,4,3,1,3,2,2,2,1,3,2,2,2,1,1000,21,21,0,438750,18500
1,1,3,3,4,2,2,2,2,1,2,3,3,2,1,100000,5,5,0,431500,18500
2,4,3,3,4,2,2,2,2,1,2,4,2,2,1,21500,1,1,0,430000,20500
2,4,3,2,3,2,2,2,2,1,2,2,3,2,1,27760,2,1,0,430000,18500
2,4,3,2,2,2,2,2,2,1,2,3,3,2,1,39500,2,2,0,429750,18500
1,1,2,3,1,3,2,2,2,1,3,2,3,2,1,3500,1,1,0,426012,3500
1,1,3,1,2,2,2,2,2,1,2,3,2,2,1,18000,1,1,0,425250,18500
1,1,2,1,1,3,2,2,2,1,3,2,2,2,1,1000,4,4,0,422500,79500
1,1,3,1,4,2,2,2,2,1,2,2,2,2,1,38800,10,10,3800,421400,3500
2,3,4,2,2,2,2,2,2,1,2,4,2,2,1,15400,1,1,0,420000,14500
2,2,4,2,4,2,2,2,2,1,4,4,2,2,1,420000,20,20,0,406400,19750
1,1,4,1,1,3,2,2,2,1,3,3,2,2,1,34100,1,1,0,402200,16500
2,4,1,2,1,1,2,2,2,1,1,1,2,2,1,119000,7,7,0,400000,14500
1,1,2,1,1,3,2,2,2,1,3,3,2,2,1,379000,40,40,0,390000,7100
2,4,1,2,1,1,2,2,2,1,1,1,2,2,1,80500,4,3,0,390000,13750
2,4,1,2,1,1,2,2,2,1,1,1,2,2,1,29050,3,3,0,389900,3400
2,4,1,2,1,1,2,2,2,1,1,1,2,2,1,14200,10,10,2200,388000,1200
2,4,4,2,2,2,2,2,2,1,2,3,3,2,1,175500,9,9,0,381500,18500
1,1,4,1,1,3,2,2,2,1,3,4,2,2,1,1000,32,1,0,379000,51500
2,4,3,2,3,2,2,2,2,1,2,4,2,2,1,23000,1,1,0,367500,21500
2,4,1,2,1,1,2,2,2,1,1,1,2,2,1,30500,11,11,0,357300,2500
2,4,1,2,1,1,2,2,2,1,1,1,2,2,1,207500,10,10,7500,355000,20000
2,4,3,2,3,2,2,2,2,1,2,2,2,2,1,210000,10,10,0,353000,20000
2,4,3,2,3,2,2,2,2,1,2,4,2,2,1,22760,1,1,0,341250,21500
2,4,2,2,1,3,3,2,2,1,3,3,2,2,1,45000,2,2,0,339000,21500
2,3,1,2,1,1,2,2,2,1,1,1,2,2,1,3900,1,1,0,336000,3000
2,4,1,2,1,1,2,2,2,1,1,1,2,2,1,42500,2,2,0,332500,19750
2,4,1,2,1,1,2,2,2,1,1,1,2,2,1,17000,10,10,0,331400,1700
1,1,2,3,4,4,2,2,2,1,2,3,2,2,1,18250,1,1,0,325400,17250
1,1,4,1,4,2,2,2,2,1,4,4,3,2,1,29108,3,1,0,325000,2400
1,1,3,3,4,2,2,2,2,1,2,4,3,2,1,500,3,3,0,315600,20750
2,4,1,2,1,1,2,2,2,1,1,1,2,2,1,21500,1,1,0,300000,20500
1,1,3,1,3,2,2,2,2,2,2,4,2,2,1,233000,1,1,0,296650,79500
1,1,1,1,1,1,2,2,2,1,1,1,2,2,1,7300,2,2,0,281400,2750
1,1,3,1,4,2,2,2,2,1,2,4,2,2,1,14795,1,1,0,276500,21500
2,4,3,2,4,2,2,2,2,1,2,4,2,2,1,227500,10,10,0,273300,21500
2,4,1,2,1,1,2,2,2,1,1,1,2,2,1,26200,3,1,0,270000,10000
1,1,4,1,4,2,3,2,2,1,4,4,2,2,1,1000,30,30,0,267800,19000
1,1,3,1,4,2,2,2,2,1,2,2,3,2,1,21500,1,1,0,265800,20000
1,1,2,1,1,3,2,2,2,1,3,2,2,2,1,41000,1,1,0,264000,35000
1,1,2,1,1,3,2,2,2,1,3,2,2,2,1,45000,2,2,0,259000,21500
1,1,2,1,1,3,2,2,2,1,3,2,2,2,1,14120,1,1,0,254600,20500
2,3,3,2,3,2,2,2,2,1,2,3,2,2,1,3900,1,1,900,251800,3000
1,1,3,1,4,2,2,2,2,1,2,2,2,2,1,16000,1,1,0,247900,14500
2,4,4,2,4,2,2,2,2,1,2,2,2,2,1,23200,2,2,0,246600,9700
2,4,1,2,1,1,2,2,2,1,1,1,2,2,1,2000,2,2,0,239500,500
2,4,1,2,1,1,2,2,2,1,1,1,2,2,1,1155000,1,1,0,235150,1100000
1,1,2,1,4,4,2,2,2,1,2,2,2,2,1,1340790,74,30,0,234300,1950
1,1,1,3,1,1,2,2,2,1,1,1,2,1,1,82800,54,4,0,43200,1850
1,1,1,3,1,1,2,2,2,1,1,1,2,1,1,38000,25,5,0,43200,900
1,1,2,3,1,3,2,2,2,1,3,2,2,1,1,25500,1,1,0,43100,22000
1,1,2,3,1,3,2,2,2,1,4,1,3,1,1,22700,1,1,0,43100,20500
1,1,3,3,3,2,2,2,2,1,2,4,3,2,1,11300,3,3,0,43000,2500
1,1,3,1,4,2,2,2,2,1,2,2,2,2,1,500,1,1,0,43000,57000
1,1,3,1,2,2,2,2,2,1,2,3,3,1,1,24000,1,1,0,43000,23000
2,4,1,2,1,1,2,2,2,1,1,1,2,2,1,1795000,1000,1000,0,43000,1620
2,3,3,2,4,2,2,2,2,1,2,4,2,2,1,6820,2,2,1800,42800,18500
2,3,3,2,4,2,2,2,2,1,2,4,2,2,1,83860,4,4,0,42500,20500
1,1,1,3,1,1,2,2,2,2,1,1,2,2,1,79500,3,1,0,42500,18500
1,1,1,3,1,1,2,2,2,1,1,1,2,1,1,3000,1,1,0,42400,3000
1,1,1,3,1,1,2,2,2,1,1,1,2,2,1,51500,1,1,0,42350,51500
1,1,1,3,1,1,2,2,2,1,1,1,2,2,1,79500,3,1,0,42300,18500
1,1,1,3,1,1,2,2,2,1,1,1,2,3,1,81200,4,4,0,42250,19000
1,1,2,3,1,3,2,2,2,2,4,4,2,2,1,49500,3,3,0,42150,15000
1,1,2,3,1,3,2,2,2,1,4,4,2,2,1,93110,6,3,0,42000,14500
1,1,2,3,1,3,2,2,2,1,4,4,2,2,1,108000,6,3,0,42000,15500
1,1,2,3,1,3,2,2,2,1,4,4,2,2,1,500,5,5,0,42000,19500
1,1,2,3,1,3,2,2,2,1,3,2,2,1,1,2500,1,1,0,41800,2500
1,1,2,3,1,3,2,2,2,1,3,2,2,1,1,3000,1,1,0,41500,3000
1,1,2,3,1,3,2,2,2,1,3,2,2,1,1,1000,6,1,0,41500,42000
1,1,2,3,1,3,2,2,2,1,3,2,2,1,1,122000,110,30,0,41400,150
1,1,2,3,1,3,2,2,2,1,3,3,2,1,1,61800,1,1,0,41250,47000
1,1,2,3,1,3,2,2,2,1,3,3,2,1,1,54900,2,1,0,41000,1200
1,1,2,3,1,3,2,2,2,1,3,3,2,2,1,42800,1,1,0,41000,40000
1,1,2,3,1,3,2,2,2,1,3,3,2,2,1,221500,1,1,0,41000,200000
1,1,2,3,1,3,2,2,2,1,3,3,2,2,1,105250,5,5,0,41000,16750
1,1,2,3,1,3,2,2,2,4,3,3,2,2,1,51500,50,50,0,40500,600
2,4,2,3,1,3,2,2,2,1,3,2,2,3,1,12950,1,1,0,40500,10750
2,4,2,3,1,3,2,2,2,1,3,2,2,3,1,10800,1,1,0,40500,11000
2,4,2,3,1,3,2,2,2,1,3,2,2,3,1,16900,11,1,0,40500,7500
2,4,2,3,1,3,2,2,2,1,3,2,2,3,1,125800,12,2,0,40300,4750
2,4,2,3,1,3,2,2,2,1,3,2,2,3,1,49800,5,5,0,40150,7900
1,1,3,3,3,2,2,2,2,2,2,2,2,1,1,13000,1,1,0,40100,12000
1,1,3,3,4,2,2,2,2,2,2,2,2,1,1,23500,1,1,0,40000,20500
1,1,3,3,4,2,2,2,2,2,2,2,2,2,1,48500,4,1,0,40000,11500
1,1,3,3,4,2,2,2,2,2,2,4,2,1,1,2636000,12,12,0,39900,203000
1,1,4,3,4,2,2,2,2,2,4,4,2,1,1,32400,10,10,0,39800,1800
1,1,4,3,4,2,2,2,2,2,4,4,2,1,1,37100,12,12,0,39750,2500
1,1,4,3,4,2,2,2,2,2,4,4,2,1,1,49900,150,150,0,39750,190
1,1,3,3,4,2,2,2,2,1,2,2,2,1,1,10600,1,1,0,39700,10000
1,1,3,3,4,2,2,2,2,1,2,2,2,1,1,10600,1,1,0,39700,10000
1,1,3,3,4,2,2,2,2,1,2,2,2,1,1,59500,30,10,0,39600,450
1,1,3,3,4,2,2,2,2,1,2,2,2,2,1,15250,1,1,0,39500,14000
1,1,3,3,2,2,2,2,2,1,2,2,2,3,1,17500,1,1,0,39500,16000
1,1,3,3,4,2,2,2,2,1,2,4,2,1,1,16700,1,1,0,39500,15000
1,1,3,3,4,2,2,2,2,1,2,4,2,1,1,22750,2,1,0,39400,5500
1,1,3,3,4,2,2,2,2,1,2,4,2,1,1,38400,6,1,8000,39200,22500
1,1,3,3,4,2,2,2,2,1,2,4,2,1,1,500,5,5,0,39000,18500
1,1,3,3,3,2,2,2,2,1,2,3,2,2,1,4000,1,1,0,39000,3000
1,1,3,3,2,2,2,2,2,1,2,3,2,2,1,202000,10,10,0,39000,19000
1,1,3,3,4,2,2,2,2,1,2,4,2,2,1,2500,1,1,0,38900,2500
1,1,3,3,4,2,2,2,2,1,2,4,2,2,1,22000,30,30,0,38900,640
1,1,3,3,4,2,2,2,2,1,2,4,2,2,1,113000,3000,3000,0,38800,32
1,1,3,3,4,2,2,2,2,3,2,2,2,2,1,8000,2,2,0,38800,3000
2,4,3,3,4,2,2,2,2,4,2,4,2,2,1,43000,2,2,0,38700,20500
2,4,4,3,4,2,2,2,2,1,2,4,2,2,1,103000,2,2,0,38700,51500
2,4,3,3,3,2,2,2,2,1,2,4,2,2,1,15250,1,1,0,38700,14500
2,4,3,3,3,2,2,2,2,1,2,4,2,2,1,276500,14,14,10500,38600,19000
1,1,2,3,4,4,2,2,2,2,2,4,2,2,1,18750,2,1,0,38500,13750
1,1,3,3,2,2,2,2,2,1,2,2,3,1,1,4250,1,1,0,38500,2750
1,1,2,3,1,3,2,2,2,1,3,2,3,1,1,3500,1,1,0,38500,3500
1,1,2,3,1,3,2,2,2,1,3,2,3,2,1,14400,1,1,0,38500,13500
1,1,2,3,1,3,2,2,2,1,3,2,3,2,1,15400,1,1,0,38500,14500
1,1,2,3,1,3,2,2,2,1,3,4,3,2,1,21150,1,1,0,38500,20250
1,1,4,3,1,3,2,2,2,1,3,3,3,2,1,57000,3,1,0,38500,12000
1,1,4,3,1,3,2,2,2,1,3,3,3,2,1,8000,2,2,0,38400,3000
2,4,2,3,1,3,2,2,2,1,3,4,3,2,1,14500,1,1,0,38400,13750
1,1,3,3,2,2,2,2,2,1,2,2,3,1,1,14250,1,1,0,38400,11750
1,1,3,3,4,2,2,2,2,1,2,4,3,2,1,20250,1,1,0,38250,19000
1,1,3,3,4,2,2,2,2,1,2,4,3,2,1,68000,4,4,0,38250,15500
1,1,3,3,4,2,2,2,2,1,2,4,3,2,1,71360,4,4,0,38200,18000
1,1,3,3,2,2,2,2,2,3,2,2,3,1,1,14750,1,1,0,38050,12750
2,4,3,3,3,2,2,2,2,1,2,4,3,2,1,31200,2,2,0,38000,15000
1,1,4,3,4,4,2,2,2,1,4,4,3,2,1,2400,1,1,0,38000,2400
1,1,4,3,4,4,2,2,2,1,4,2,3,1,1,44000,2,2,0,38000,21000
1,1,4,3,4,4,2,2,2,1,4,2,3,1,1,180000,8,8,0,37900,21500
1,1,2,1,1,3,2,2,2,1,3,2,1,1,1,0,4,4,0,37700,18500
1,1,2,1,1,3,2,2,2,1,3,2,1,2,1,0,1,1,0,37550,2400
1,1,1,1,1,1,2,2,2,2,1,1,2,1,1,15000,1,1,0,37500,13500
1,1,1,1,1,1,2,2,2,2,1,1,2,1,1,16800,5,5,0,37500,1300
1,1,1,1,1,1,2,2,2,1,1,1,2,1,1,5000,1,1,0,37500,5000
1,1,1,1,1,1,2,2,2,1,1,1,2,1,1,4000,1,1,0,37500,12000
1,1,1,1,1,1,2,2,2,1,1,1,2,1,1,17500,1,1,0,37500,16500
1,1,1,1,1,1,2,2,2,1,1,1,2,1,1,45700,3,1,0,37320,14000
1,1,1,1,1,1,2,2,2,1,1,1,2,1,1,33900,2,2,0,37250,16250
1,1,1,1,1,1,2,2,2,1,1,1,2,1,1,51300,2,2,0,37100,22500
1,1,1,1,1,1,2,2,2,1,1,1,2,1,1,26000,2,2,2000,37000,12000
1,1,1,1,1,1,2,2,2,1,1,1,2,1,1,9000,2,2,0,37000,3000
1,1,1,1,1,1,2,2,2,1,1,1,2,1,1,196250,10,5,0,36900,15500
1,1,1,1,1,1,2,2,2,1,1,1,2,1,1,36150,15,5,0,36900,3750
1,1,1,1,1,1,2,2,2,1,1,1,2,1,1,151800,6,6,0,36800,24000
1,1,1,1,1,1,2,2,2,1,1,1,2,1,1,177500,10,10,20000,36800,15750
1,1,1,1,1,1,2,2,2,1,1,1,2,1,1,204600,40,10,0,36500,6500
1,1,1,1,1,1,2,2,2,1,1,1,2,1,1,622465,40,40,0,36500,15750
1,1,1,1,1,1,2,2,2,1,1,1,2,1,1,1098000,600,600,0,36480,1550
1,1,1,1,1,1,2,2,2,1,1,1,2,1,1,87500,1500,1500,0,36300,37
1,1,1,1,1,1,2,2,2,1,1,1,2,2,1,18200,1,1,0,36250,16000
1,1,1,1,1,1,2,2,2,1,1,1,2,2,1,17750,1,1,0,36150,16500
1,1,1,1,1,1,2,2,2,1,1,1,2,2,1,20500,1,1,0,35900,19000
1,1,1,1,1,1,2,2,2,1,1,1,2,2,1,20500,1,1,0,35750,19250
1,1,1,1,1,1,2,2,2,1,1,1,2,2,1,381500,1,1,0,35750,360000
1,1,1,1,1,1,2,2,2,1,1,1,2,2,1,331400,14,1,20400,35500,35000
1,1,1,1,1,1,2,2,2,1,1,1,2,2,1,43000,2,2,0,35500,20250
1,1,1,1,1,1,2,2,2,1,1,1,2,2,1,31400,2,2,0,35500,14500
1,1,1,1,1,1,2,2,2,1,1,1,2,2,1,46000,4,2,0,35500,17500
1,1,1,1,1,1,2,2,2,1,1,1,2,2,1,215550,9,9,0,35500,22750
1,1,1,1,1,1,2,2,2,1,1,1,2,2,1,234000,15,15,0,35500,13500
1,1,1,1,1,1,2,2,2,1,1,1,2,2,1,390000,24,24,0,35400,15250
1,1,1,1,1,1,2,2,2,1,1,1,2,2,1,480000,30,30,0,35400,14500
1,1,1,1,1,1,2,2,2,1,1,1,2,2,1,3442000,40,40,0,35100,80000
1,1,1,1,1,1,2,2,2,4,1,1,2,2,1,105000,5,1,0,35000,18500
2,4,1,1,1,1,2,2,2,2,1,1,2,2,1,355000,20,20,0,35000,16750
2,4,1,1,1,1,2,2,2,1,1,1,2,2,1,17250,1,1,0,35000,15750
2,4,1,1,1,1,2,2,2,1,1,1,2,2,1,38500,2,2,0,35000,17750
2,4,1,1,1,1,2,2,2,1,1,1,2,2,1,429750,21,2,0,35000,12000
2,4,1,1,1,1,2,2,2,1,1,1,2,2,1,341250,21,21,0,35000,15250
2,4,1,1,1,1,2,2,2,1,1,1,2,2,1,1381500,150,150,0,34750,9100
2,4,1,1,1,1,2,2,2,3,1,1,2,2,1,17250,1,1,0,34550,15750
1,1,4,1,1,3,2,2,2,2,4,1,2,1,1,4400,1,1,0,34500,21000
1,1,2,1,1,3,2,2,2,2,3,2,2,1,1,19250,1,1,0,34500,18250
1,1,2,1,1,3,2,2,2,2,3,2,2,1,1,19250,1,1,0,34500,18250
1,1,2,1,1,3,2,2,2,2,3,2,2,1,1,265800,1,1,0,34500,245000
1,1,2,1,1,3,2,2,2,2,3,2,2,1,1,4500,1,1,0,34500,3000
1,1,2,1,1,3,2,2,2,2,3,2,2,1,1,65400,4,2,0,34100,14000
1,1,2,1,1,3,2,2,2,2,3,2,2,1,1,500,3,3,0,34000,17250
1,1,2,1,1,3,2,2,2,2,3,2,2,2,1,32900,5,5,0,34000,4900
1,1,2,1,1,3,2,2,2,2,3,4,2,1,1,37320,10,10,0,34000,3192
1,1,2,1,1,3,2,2,2,2,3,4,2,2,1,48000,3,3,0,34000,14000
1,1,2,1,1,3,2,2,2,2,3,3,2,1,1,17500,1,1,0,34000,16500
1,1,2,1,1,3,2,2,2,2,3,3,2,1,1,15200,1,1,0,33900,11500
1,1,2,1,1,3,2,2,2,2,3,3,2,1,1,114000,3,1,0,33550,36000
1,1,2,1,1,3,2,2,2,2,3,3,2,1,1,227000,100,100,0,33500,1550
1,1,2,1,1,3,2,2,2,2,3,3,2,2,1,38700,2,2,0,33500,18250
1,1,2,1,1,3,2,2,2,1,4,1,2,1,1,1000,20,20,24000,33500,18250
1,1,4,1,1,3,2,2,2,1,4,1,2,1,1,69000,1,1,0,33350,63000
1,1,2,1,4,3,2,2,2,1,4,2,2,1,1,1000,91,6,0,33250,7250
1,1,2,1,4,3,2,2,2,1,4,2,2,1,1,12000,10,10,0,33180,1200
1,1,2,1,4,3,2,2,2,1,4,2,2,2,1,440000,20,20,0,33000,20500
1,1,2,1,1,3,2,2,2,1,3,2,2,1,1,3500,1,1,0,33000,3500
1,1,2,1,1,3,2,2,2,1,3,2,2,1,1,6900,1,1,0,32900,4200
1,1,2,1,1,3,2,2,2,1,3,2,2,1,1,14500,1,1,0,32750,13500
1,1,2,1,1,3,2,2,2,1,3,2,2,1,1,17250,1,1,0,32500,15750
1,1,2,1,1,3,2,2,2,1,3,2,2,1,1,18500,1,1,0,32500,17500
1,1,2,1,1,3,2,2,2,1,3,2,2,1,1,20800,1,1,0,32500,18000
1,1,2,1,1,3,2,2,2,1,3,2,2,1,1,19250,1,1,0,32500,18250
1,1,2,1,1,3,2,2,2,1,3,2,2,1,1,19000,1,1,0,32400,18500
1,1,2,1,1,3,2,2,2,1,3,2,2,1,1,110300,1,1,0,32350,100000
1,1,2,1,1,3,2,2,2,1,3,2,2,1,1,500,1,1,0,32300,37500
1,1,2,1,1,3,2,2,2,1,3,2,2,1,1,1000,1,1,0,32200,500
1,1,2,1,1,3,2,2,2,1,3,2,2,1,1,208000,1,1,0,32000,200000
1,1,2,1,1,3,2,2,2,1,3,2,2,1,1,7940,1,1,0,32000,14500
1,1,2,1,1,3,2,2,2,1,3,2,2,1,1,15500,1,1,0,32000,14000
1,1,2,1,1,3,2,2,2,1,3,2,2,1,1,38500,1,1,0,32000,37500
1,1,2,1,1,3,2,2,2,1,3,2,2,1,1,3950,1,1,0,32000,2750
1,1,2,1,1,3,2,2,2,1,3,2,2,1,1,25500,2,1,0,31800,9000
1,1,2,1,1,3,2,2,2,1,3,2,2,1,1,32750,2,1,0,31800,14000
1,1,2,1,1,3,2,2,2,1,3,2,2,1,1,35000,2,1,0,31500,14500
1,1,2,1,1,3,2,2,2,1,3,2,2,1,1,29750,2,1,0,31500,15750
1,1,2,1,1,3,2,2,2,1,3,2,2,1,1,267800,2,1,0,31500,42000
1,1,2,1,1,3,2,2,2,1,3,2,2,1,1,246600,2,1,0,31500,200000
1,1,2,1,1,3,2,2,2,1,3,2,2,1,1,183900,3,1,0,31500,9500
1,1,2,1,1,3,2,2,2,1,3,2,2,1,1,94000,4,1,0,31450,15000
1,1,2,1,1,3,2,2,2,1,3,2,2,1,1,119000,7,1,0,31400,12000
1,1,2,1,1,3,2,2,2,1,3,2,2,1,1,421400,8,1,0,31200,185000
1,1,2,1,1,3,2,2,2,1,3,2,2,1,1,45150,18,1,0,31000,10500
1,1,2,1,1,3,2,2,2,1,3,2,2,1,1,1000,21,1,0,31000,200000
1,1,2,1,1,3,2,2,2,1,3,2,2,1,1,6000,2,2,0,31000,1500
1,1,2,1,1,3,2,2,2,1,3,2,2,1,1,31500,2,2,0,31000,14000
1,1,2,1,1,3,2,2,2,1,3,2,2,1,1,35000,2,2,0,31000,16500
1,1,2,1,1,3,2,2,2,1,3,2,2,1,1,181000,2,2,0,31000,87000
1,1,2,1,1,3,2,2,2,1,3,2,2,1,1,63900,4,2,0,30800,14000
1,1,2,1,1,3,2,2,2,1,3,2,2,1,1,57000,3,3,0,30700,18500
1,1,2,1,1,3,2,2,2,1,3,2,2,1,1,1513990,1617,3,0,30700,9850
1,1,2,1,1,3,2,2,2,1,3,2,2,1,1,81000,4,4,0,30500,12750
1,1,2,1,1,3,2,2,2,1,3,2,2,1,1,110000,4,4,0,30500,25000
1,1,2,1,1,3,2,2,2,1,3,2,2,1,1,131000,4,4,0,30500,30000
1,1,2,1,1,3,2,2,2,1,3,2,2,1,1,77500,5,5,0,30500,14500
1,1,2,1,1,3,2,2,2,1,3,2,2,1,1,95000,5,5,0,30500,18500
1,1,2,1,1,3,2,2,2,1,3,2,2,1,1,66000,10,5,0,30500,5300
1,1,2,1,1,3,2,2,2,1,3,2,2,1,1,78400,25,5,0,30400,3400
1,1,2,1,1,3,2,2,2,1,3,2,2,1,1,111000,6,6,0,30340,17000
1,1,2,1,1,3,2,2,2,1,3,2,2,1,1,139500,6,6,0,30000,22750
1,1,2,1,1,3,2,2,2,1,3,2,2,1,1,126000,7,7,0,30000,17500
1,1,2,1,1,3,2,2,2,1,3,2,2,1,1,9600,10,10,0,30000,650
1,1,2,1,1,3,2,2,2,1,3,2,2,1,1,452700,62,12,0,29750,6500
1,1,2,1,1,3,2,2,2,1,3,2,2,1,1,500,24,24,17800,29500,1500
1,1,2,1,1,3,2,2,2,1,3,2,2,1,1,438750,50,25,0,29360,6700
1,1,2,1,1,3,2,2,2,1,3,2,2,1,1,776000,40,40,0,29250,18500
1,1,2,1,1,3,2,2,2,1,3,2,2,1,1,325000,50,50,0,29108,5750
1,1,2,1,1,3,2,2,2,1,3,2,2,1,1,2110000,1000,1000,0,29100,1550
1,1,2,1,1,3,2,2,2,1,3,2,2,1,1,500,2000,2000,0,29050,32
1,1,2,1,1,3,2,2,2,1,3,2,2,2,1,2500,1,1,0,29000,2500
1,1,2,1,1,3,2,2,2,1,3,2,2,2,1,3500,1,1,0,29000,3500
1,1,2,1,1,3,2,2,2,1,3,2,2,2,1,19000,1,1,0,29000,18000
1,1,2,1,1,3,2,2,2,1,3,2,2,2,1,33000,1,1,0,28900,28000
1,1,2,1,1,3,2,2,2,1,3,2,2,2,1,199300,1,1,0,28800,185000
1,1,2,1,1,3,2,2,2,1,3,2,2,2,1,73000,1,1,0,28800,36000
1,1,2,1,1,3,2,2,2,1,3,2,2,2,1,38250,1,1,1500,28500,36750
1,1,2,1,1,3,2,2,2,1,3,2,2,2,1,63500,1,1,0,28400,43700
1,1,2,1,1,3,2,2,2,1,3,2,2,2,1,35750,2,1,0,28200,15000
1,1,2,1,1,3,2,2,2,1,3,2,2,2,1,1000,11,1,0,28200,13500
1,1,2,1,1,3,2,2,2,1,3,2,2,2,1,134750,26,1,0,28000,1200
1,1,2,1,1,3,2,2,2,1,3,2,2,2,1,899200,43,1,0,27800,11500
1,1,2,1,1,3,2,2,2,1,3,2,2,2,1,30000,2,2,0,27800,14000
1,1,2,1,1,3,2,2,2,1,3,2,2,2,1,34500,2,2,0,27800,15750
1,1,2,1,1,3,2,2,2,1,3,2,2,2,1,40500,2,2,0,27760,19000
1,1,2,1,1,3,2,2,2,1,3,2,2,2,1,107000,6,2,0,27500,19000
1,1,2,1,1,3,2,2,2,1,3,2,2,2,1,239500,13,3,0,27500,3000
1,1,2,1,1,3,2,2,2,1,3,2,2,2,1,2320850,1228,3,0,27300,11150
1,1,2,1,1,3,2,2,2,1,3,2,2,2,1,1076050,215,5,0,27200,2650
1,1,2,1,1,3,2,2,2,1,3,2,2,2,1,130250,8,8,0,27150,16000
1,1,2,1,1,3,2,2,2,1,3,2,2,2,1,172000,8,8,0,27000,20500
1,1,2,1,1,3,2,2,2,1,3,2,2,2,1,172000,10,10,0,27000,16000
1,1,2,1,1,3,2,2,2,1,3,2,2,2,1,10000,10,10,0,27000,19750
1,1,2,1,1,3,2,2,2,1,3,2,2,2,1,270000,10,10,0,27000,26500
1,1,2,1,1,3,2,2,2,1,3,2,2,2,1,108400,13,13,0,27000,7200
1,1,2,1,1,3,2,2,2,1,3,2,2,2,1,137800,15,15,0,26970,8200
1,1,2,1,1,3,2,2,2,1,3,2,2,2,1,1611000,17,17,0,26800,79500
1,1,2,1,1,3,2,2,2,1,3,2,2,2,1,430000,20,20,0,26650,20500
1,1,2,1,1,3,2,2,2,1,3,2,2,2,1,82600,24,24,0,26600,2900
1,1,2,1,1,3,2,2,2,1,3,2,2,2,1,194300,24,24,0,26500,7200
1,1,2,1,1,3,2,2,2,1,3,2,2,2,1,123000,74,24,0,26500,2900
1,1,2,1,1,3,2,2,2,1,3,2,2,2,1,820000,40,40,0,26250,19500
1,1,2,1,1,3,2,2,2,1,3,2,2,2,1,462000,100,100,0,26200,4270
1,1,2,1,1,3,2,2,2,1,3,2,2,2,1,1016000,200,100,0,26100,4470
1,1,2,1,1,3,2,2,2,1,3,2,2,2,1,540000,300,300,0,26000,1620
1,1,2,1,1,3,2,2,2,1,3,2,2,2,1,1725000,1000,1000,0,26000,1550
1,1,4,1,1,3,2,2,2,1,3,2,2,1,1,18500,1,1,0,26000,17000
1,1,4,1,1,3,2,2,2,1,3,2,2,1,1,58600,1,1,0,26000,50000
1,1,4,1,1,3,2,2,2,1,3,2,2,2,1,15000,1,1,0,26000,13500
1,1,4,1,1,3,2,2,2,1,3,2,2,2,1,13500,1,1,0,26000,12000
1,1,4,1,1,3,2,2,2,1,3,2,2,2,1,4500,1,1,0,25970,3000
1,1,4,1,1,3,2,2,2,1,3,2,2,2,1,7400,1,1,2500,25800,4900
1,1,4,1,1,3,2,2,2,1,3,2,2,2,1,71300,113,13,0,25700,850
1,1,2,1,1,3,2,2,2,1,3,4,2,1,1,1200,1,1,0,25650,1200
1,1,2,1,1,3,2,2,2,1,3,4,2,1,1,45500,2,2,0,25500,20250
1,1,4,1,1,3,2,2,2,1,3,4,2,2,1,14750,5,5,0,25500,2350
1,1,4,1,1,3,2,2,2,1,3,4,2,1,1,16550,2,1,0,25500,12000
1,1,2,1,1,3,2,2,2,1,3,3,2,1,1,2100,1,1,0,25500,5200
1,1,2,1,1,3,2,2,2,1,3,3,2,1,1,17750,1,1,0,25250,16500
1,1,2,1,1,3,2,2,2,1,3,3,2,1,1,17600,1,1,0,25250,17000
1,1,2,1,1,3,2,2,2,1,3,3,2,1,1,21500,1,1,0,25250,20000
1,1,2,1,1,3,2,2,2,1,3,3,2,1,1,40300,1,1,0,25000,36000
1,1,2,1,1,3,2,2,2,1,3,3,2,1,1,618000,1,1,0,25000,579000
1,1,2,1,1,3,2,2,2,1,3,3,2,1,1,89800,1,1,0,25000,84500
1,1,2,1,1,3,2,2,2,1,3,3,2,1,1,37250,1,1,0,24950,36000
1,1,2,1,1,3,2,2,2,1,3,3,2,1,1,13000,1,1,0,24900,12000
1,1,2,1,1,3,2,2,2,1,3,3,2,1,1,15250,1,1,0,24750,14500
1,1,2,1,1,3,2,2,2,1,3,3,2,1,1,17000,1,1,0,24700,14500
1,1,2,1,1,3,2,2,2,1,3,3,2,1,1,15750,1,1,0,24600,14500
1,1,2,1,1,3,2,2,2,1,3,3,2,1,1,16000,1,1,0,24500,14500
1,1,2,1,1,3,2,2,2,1,3,3,2,1,1,16000,1,1,0,24500,14500
1,1,2,1,1,3,2,2,2,1,3,3,2,1,1,28000,2,1,0,24500,14000
1,1,2,1,1,3,2,2,2,1,3,3,2,1,1,33250,2,1,0,24500,14500
1,1,2,1,1,3,2,2,2,1,3,3,2,1,1,30000,2,1,0,24250,15000
1,1,2,1,1,3,2,2,2,1,3,3,2,1,1,51300,3,1,0,24250,14000
1,1,2,1,1,3,2,2,2,1,3,3,2,1,1,43200,3,1,0,24250,16500
1,1,2,1,1,3,2,2,2,1,3,3,2,1,1,42500,3,1,0,24130,18250
1,1,2,1,1,3,2,2,2,1,3,3,2,1,1,98500,4,1,0,24000,36000
1,1,2,1,1,3,2,2,2,1,3,3,2,1,1,27150,5,1,0,23900,4350
1,1,2,1,1,3,2,2,2,1,3,3,2,1,1,100800,6,1,0,23900,18000
1,1,2,1,1,3,2,2,2,1,3,3,2,1,1,6900,2,2,0,23700,1500
1,1,2,1,1,3,2,2,2,1,3,3,2,1,1,12100,2,2,0,23700,4500
1,1,2,1,1,3,2,2,2,1,3,3,2,1,1,12800,2,2,0,23500,5050
1,1,2,1,1,3,2,2,2,1,3,3,2,1,1,30700,2,2,0,23300,14250
1,1,2,1,1,3,2,2,2,1,3,3,2,1,1,37000,2,2,0,23250,17500
1,1,2,1,1,3,2,2,2,1,3,3,2,1,1,50000,2,2,0,23200,24000
1,1,2,1,1,3,2,2,2,1,3,3,2,1,1,27200,2,2,0,23050,11500
1,1,2,1,1,3,2,2,2,1,3,3,2,1,1,27000,2,2,0,23000,12000
1,1,2,1,1,3,2,2,2,1,3,3,2,1,1,7500,2,2,0,23000,3000
1,1,2,1,1,3,2,2,2,1,3,3,2,1,1,114300,2,2,0,23000,50000
1,1,2,1,1,3,2,2,2,1,3,3,2,1,1,6280,2,2,0,22760,1590
1,1,2,1,1,3,2,2,2,1,3,3,2,1,1,94250,7,2,0,22750,14000
1,1,2,1,1,3,2,2,2,1,3,3,2,1,1,9200,3,3,0,22750,1500
1,1,2,1,1,3,2,2,2,1,3,3,2,1,1,51000,3,3,0,22700,15750
1,1,2,1,1,3,2,2,2,1,3,3,2,1,1,72900,3,3,13000,22650,23000
1,1,2,1,1,3,2,2,2,1,3,3,2,1,1,114000,3,3,0,22500,18500
1,1,2,1,1,3,2,2,2,1,3,3,2,1,1,96000,6,3,0,22400,14500
1,1,2,1,1,3,2,2,2,1,3,3,2,1,1,82000,4,4,0,22250,19250
1,1,2,1,1,3,2,2,2,1,3,3,2,1,1,19150,5,5,0,22000,3270
1,1,2,1,1,3,2,2,2,1,3,3,2,1,1,22500,5,5,0,22000,3000
1,1,2,1,1,3,2,2,2,1,3,3,2,1,1,8200,5,5,0,22000,1200
1,1,2,1,1,3,2,2,2,1,3,3,2,1,1,111000,6,6,0,22000,17000
1,1,2,1,1,3,2,2,2,1,3,3,2,1,1,129300,6,6,0,22000,20250
1,1,2,1,1,3,2,2,2,1,3,3,2,1,1,583650,6,6,0,22000,3192
1,1,2,1,1,3,2,2,2,1,3,3,2,1,1,7920000,121,9,0,22000,9850
1,1,2,1,1,3,2,2,2,1,3,3,2,1,1,195000,10,10,0,21800,18500
1,1,2,1,1,3,2,2,2,1,3,3,2,1,1,195000,10,10,0,21750,18500
1,1,2,1,1,3,2,2,2,1,3,3,2,1,1,15100,10,10,0,21750,1200
1,1,2,1,1,3,2,2,2,1,3,3,2,1,1,944500,70,10,0,21750,11450
1,1,2,1,1,3,2,2,2,1,3,3,2,1,1,389900,34,34,0,21700,9400
1,1,2,1,1,3,2,2,2,1,3,3,2,1,1,460600,65,65,0,21700,5040
1,1,2,1,1,3,2,2,2,1,3,3,2,1,1,210000,210,210,0,21500,500
1,1,2,1,1,3,2,2,2,1,3,3,2,1,1,1110000,600,600,0,21500,1550
1,1,2,1,1,3,2,2,2,1,3,3,2,1,1,1140000,600,600,0,21500,1550
1,1,2,1,1,3,2,2,2,1,3,3,2,2,1,14250,1,1,0,21500,13500
1,1,2,1,1,3,2,2,2,1,3,3,2,2,1,17250,1,1,750,21500,15500
1,1,2,1,1,3,2,2,2,1,3,3,2,2,1,17500,1,1,0,21500,16000
1,1,2,1,1,3,2,2,2,1,3,3,2,2,1,18750,1,1,0,21500,17750
1,1,2,1,1,3,2,2,2,1,3,3,2,2,1,20000,1,1,0,21200,19000
1,1,2,1,1,3,2,2,2,1,3,3,2,2,1,28800,1,1,0,21200,24000
1,1,2,1,1,3,2,2,2,1,3,3,2,2,1,13300,1,1,0,21150,12000
1,1,2,1,1,3,2,2,2,1,3,3,2,2,1,30500,2,1,0,21000,14500
1,1,2,1,1,3,2,2,2,1,3,3,2,2,1,76250,3,1,0,21000,35250
1,1,2,1,1,3,2,2,2,1,3,3,2,2,1,123750,6,1,0,21000,17750
1,1,2,1,1,3,2,2,2,1,3,3,2,2,1,181500,8,1,0,21000,19000
1,1,2,1,1,3,2,2,2,1,3,3,2,2,1,281400,15,1,24400,21000,9500
1,1,2,1,1,3,2,2,2,1,3,3,2,2,1,65100,51,1,0,21000,22500
1,1,2,1,1,3,2,2,2,1,3,3,2,2,1,34500,2,2,0,21000,15750
1,1,2,1,1,3,2,2,2,1,3,3,2,2,1,35000,2,2,0,20800,16500
1,1,2,1,1,3,2,2,2,1,3,3,2,2,1,39700,2,2,0,20750,18750
1,1,2,1,1,3,2,2,2,1,3,3,2,2,1,41000,2,2,0,20550,19000
1,1,2,1,1,3,2,2,2,1,3,3,2,2,1,61500,3,3,0,20500,19500
1,1,2,1,1,3,2,2,2,1,3,3,2,2,1,90000,4,4,0,20500,21500
1,1,2,1,1,3,2,2,2,1,3,3,2,2,1,18950,5,5,0,20500,3350
1,1,2,1,1,3,2,2,2,1,3,3,2,2,1,41800,6,6,0,20500,6500
1,1,2,1,1,3,2,2,2,1,3,3,2,2,1,165000,10,10,0,20500,15000
1,1,2,1,1,3,2,2,2,1,3,3,2,2,1,27800,100,100,0,20500,250
1,1,2,1,1,3,2,2,2,1,3,3,2,2,1,1905080,939,939,0,20450,1620
1,1,4,1,1,3,2,2,2,1,3,4,2,1,1,23900,1,1,0,20300,23000
1,1,4,1,1,3,2,2,2,3,4,1,2,1,1,4100,1,1,0,20300,3750
1,1,2,1,1,3,2,2,2,3,3,3,2,1,1,63150,3,3,0,20250,20750
1,1,2,1,1,3,2,2,2,4,3,2,2,1,1,24900,60,20,0,20250,260
1,1,4,1,1,3,2,2,2,4,3,2,2,1,1,500,5,1,0,20200,18500
1,1,4,1,1,3,2,2,2,4,3,2,2,1,1,46250,3,1,0,20200,14500
1,1,2,1,1,3,2,2,2,4,3,3,2,1,1,26600,1,1,0,20150,17000
1,1,2,1,1,3,2,2,2,4,3,3,2,2,1,82800,11,11,0,20100,7300
2,4,2,1,1,3,2,2,2,1,3,3,2,2,1,7000,2,2,0,20000,3000
2,4,2,1,1,3,2,2,2,1,3,3,2,2,1,460000,20,20,0,20000,22000
1,1,3,1,3,2,2,2,2,2,2,2,2,1,1,39750,2,1,0,20000,12500
1,1,3,1,3,2,2,2,2,2,2,2,2,1,1,34550,2,1,0,20000,14500
1,1,3,1,3,2,2,2,2,2,2,2,2,2,1,32000,2,1,0,20000,16000
1,1,3,1,4,2,2,2,2,2,2,2,2,2,1,68500,3,1,0,20000,21000
1,1,3,1,2,2,2,2,2,2,2,2,2,2,1,21750,1,1,0,20000,20250
1,1,3,1,4,2,2,2,2,2,2,4,2,1,1,15000,1,1,0,19800,14500
1,1,4,1,4,2,2,2,2,2,2,4,2,1,1,669000,17500,1500,0,19750,32
1,1,3,1,3,2,2,2,2,2,2,3,2,1,1,15750,1,1,0,19750,14750
1,1,3,1,2,2,2,2,2,2,2,3,2,1,1,79500,1,1,0,19750,75000
1,1,4,1,2,2,2,2,2,2,2,3,2,1,1,38200,1,1,0,19750,18500
1,1,3,1,2,2,2,2,2,2,2,4,2,1,1,30500,2,2,0,19700,14000
1,1,3,1,4,2,2,2,2,2,2,4,2,2,1,30500,2,1,0,19500,11750
1,1,4,1,3,2,2,2,2,2,2,4,2,1,1,34000,2,1,0,19500,13500
1,1,4,1,2,2,2,2,2,2,2,4,2,1,1,67500,4,1,0,19500,14750
1,1,4,1,4,2,2,2,2,2,4,4,2,1,1,21500,1,1,0,19500,20000
1,1,3,1,3,2,2,2,2,1,2,2,2,1,1,3500,1,1,0,19500,3500
1,1,3,1,3,2,2,2,2,1,2,2,2,1,1,15900,1,1,0,19400,15000
1,1,3,1,3,2,2,2,2,1,2,2,2,1,1,18900,1,1,0,19250,15500
1,1,3,1,3,2,2,2,2,1,2,2,2,1,1,23050,2,1,0,19250,18250
1,1,3,1,3,2,2,2,2,1,2,2,2,1,1,500,2,1,0,19250,32500
1,1,3,1,3,2,2,2,2,1,2,2,2,1,1,37550,2,1,0,19250,17500
1,1,3,1,4,2,2,2,2,1,2,2,2,1,1,26500,2,2,0,19250,11750
1,1,3,1,4,2,2,2,2,1,2,2,2,1,1,1000,1,1,0,19250,80000
1,1,3,1,2,2,2,2,2,1,2,2,2,1,1,13500,1,1,0,19250,12000
1,1,3,1,2,2,2,2,2,1,2,2,2,1,1,51000,3,3,0,19250,15750
1,1,3,1,2,2,2,2,2,1,2,2,2,1,1,87300,50,50,0,19200,500
1,1,3,1,2,2,2,2,2,1,2,2,2,1,1,97300,50,50,0,19200,700
1,1,3,1,2,2,2,2,2,1,2,2,2,1,1,172300,100,100,0,19150,500
1,1,3,1,4,2,2,2,2,1,2,2,2,1,1,34500,2,2,0,19000,15750
1,1,3,1,4,2,2,2,2,1,2,2,2,2,1,1098340,1,1,0,19000,1300000
1,1,3,1,4,2,2,2,2,1,2,2,2,2,1,12000,10,10,0,19000,1200
1,1,3,1,4,2,2,2,2,1,2,2,2,2,1,2000000,100,100,0,19000,19000
1,1,3,1,3,2,2,2,2,1,2,2,2,2,1,15000,1,1,0,19000,14000
1,1,3,1,3,2,2,2,2,1,2,2,2,2,1,29500,2,1,0,19000,13500
1,1,3,1,4,2,2,2,2,1,2,2,2,2,1,54250,3,1,0,18950,17500
1,1,3,1,4,2,2,2,2,1,2,2,2,2,1,47500,2,2,0,18900,22500
1,1,3,1,4,2,2,2,2,1,2,2,2,2,1,264000,3,3,0,18900,75000
1,1,3,1,2,2,2,2,2,1,2,2,2,2,1,16500,1,1,0,18900,15000
1,1,3,1,2,2,2,2,2,1,2,2,2,2,1,20450,1,1,0,18800,20250
1,1,3,1,2,2,2,2,2,1,2,2,2,2,1,4000,1,1,0,18750,3000
1,1,3,1,2,2,2,2,2,1,2,2,2,2,1,24130,7,1,0,18750,14500
1,1,4,1,2,2,2,2,2,1,2,2,2,1,1,14200,2,2,0,18700,5000
1,1,4,1,4,2,2,2,2,1,2,2,2,2,1,31000,2,1,0,18550,15000
1,1,4,1,4,2,2,2,2,1,2,2,2,2,1,41000,1,1,0,18500,35000
1,1,4,1,4,2,2,2,2,1,2,4,2,1,1,25000,1,1,0,18500,24000
1,1,4,1,4,2,2,2,2,1,2,4,2,1,1,80500,1,1,1000,18500,39750
1,1,4,1,4,2,2,2,2,1,2,4,2,1,1,127500,6,6,0,18500,20250
1,1,3,1,4,2,2,2,2,1,2,4,2,2,1,17500,1,1,0,18500,16500
1,1,3,1,4,2,2,2,2,1,2,4,2,1,1,1200,1,1,0,18500,1200
1,1,3,1,4,2,2,2,2,1,2,4,2,1,1,2400,1,1,0,18250,2400
1,1,3,1,4,2,2,2,2,1,2,4,2,1,1,28800,2,2,0,18250,13500
1,1,3,1,2,2,2,2,2,1,2,4,2,1,1,55100,3,1,0,18250,3500
1,1,3,1,4,2,2,2,2,1,2,4,2,2,1,23700,1,1,0,18250,18700
1,1,3,1,4,2,2,2,2,1,2,4,2,2,1,14580,1,1,0,18250,18500
1,1,3,1,4,2,2,2,2,1,2,4,2,2,1,68000,3,1,3000,18250,16500
1,1,4,1,3,2,2,2,2,1,2,4,2,2,1,60000,4,4,0,18200,14000
1,1,3,1,4,2,2,2,2,1,2,3,2,1,1,2000,1,1,0,18000,2000
1,1,3,1,4,2,2,2,2,1,2,3,2,1,1,213500,9,1,0,18000,36000
1,1,3,1,3,2,2,2,2,1,2,3,2,1,1,15000,1,1,0,18000,13500
1,1,3,1,3,2,2,2,2,1,2,3,2,1,1,24500,3,1,0,18000,14000
1,1,3,1,3,2,2,2,2,1,2,3,2,1,1,27000,2,2,0,17850,12000
1,1,3,1,3,2,2,2,2,1,2,3,2,1,1,41000,2,2,0,17750,19000
1,1,3,1,3,2,2,2,2,1,2,3,2,1,1,9000,2,2,0,17750,3000
1,1,3,1,3,2,2,2,2,1,2,3,2,1,1,42300,1000,1000,0,17750,32
1,1,3,1,4,2,2,2,2,1,2,3,2,1,1,19000,1,1,0,17750,15000
1,1,3,1,2,2,2,2,2,1,2,3,2,1,1,12750,1,1,0,17750,11750
1,1,3,1,2,2,2,2,2,1,2,3,2,1,1,15250,1,1,0,17700,14000
1,1,3,1,4,2,2,2,2,1,2,3,2,2,1,53700,1,1,0,17600,51500
1,1,3,1,2,2,2,2,2,1,2,3,2,2,1,15000,1,1,0,17500,14500
1,1,3,1,4,2,2,2,2,1,2,3,2,2,1,13350,1,1,0,17500,12250
1,1,3,1,3,2,2,2,2,1,2,4,2,1,1,10500,1,1,0,17500,10500
1,1,3,1,3,2,2,2,2,1,2,4,2,1,1,16750,1,1,0,17500,16000
1,1,3,1,3,2,2,2,2,1,2,4,2,1,1,15750,1,1,0,17500,14500
1,1,3,1,3,2,2,2,2,1,2,4,2,1,1,25500,2,2,0,17500,11750
1,1,3,1,3,2,2,2,2,1,2,4,2,1,1,31500,2,2,0,17500,14250
1,1,3,1,4,2,2,2,2,1,2,4,2,1,1,29100,2,1,0,17500,14000
1,1,3,1,4,2,2,2,2,1,2,4,2,1,1,32000,2,2,0,17400,14500
1,1,3,1,2,2,2,2,2,1,2,4,2,1,1,58000,2,1,0,17250,19000
1,1,3,1,2,2,2,2,2,1,2,4,2,1,1,31500,2,2,0,17250,14500
1,1,3,1,2,2,2,2,2,1,2,4,2,1,1,35500,2,2,0,17250,16500
1,1,3,1,2,2,2,2,2,1,2,4,2,1,1,195000,10,10,0,17250,18500
1,1,3,1,4,2,2,2,2,1,2,4,2,2,1,41500,2,2,0,17250,19500
1,1,3,1,3,2,2,2,2,1,2,4,2,2,1,17500,1,1,0,17250,16000
1,1,3,1,3,2,2,2,2,1,2,4,2,2,1,1300,1,1,0,17250,3000
1,1,3,1,3,2,2,2,2,1,2,4,2,2,1,15500,1,1,0,17250,14000
1,1,3,1,3,2,2,2,2,1,2,4,2,2,1,94000,4,4,0,17200,22500
1,1,3,1,2,2,2,2,2,1,2,4,2,2,1,17200,1,1,0,17050,16000
1,1,3,1,2,2,2,2,2,1,2,4,2,2,1,20300,1,1,0,17000,19000
1,1,4,1,3,2,2,2,2,1,2,4,2,2,1,8000,2,2,0,17000,3000
1,1,4,1,2,2,2,2,2,1,2,4,2,1,1,15350,1,1,1100,17000,14250
1,1,4,1,2,2,2,2,2,1,2,4,2,1,1,16950,1,1,0,17000,15750
1,1,4,1,4,2,2,2,2,1,2,4,2,1,1,85000,4,4,0,17000,20250
1,1,4,1,4,2,2,2,2,1,4,4,2,1,1,26000,2,2,0,17000,12000
1,1,4,1,4,2,2,2,2,1,4,4,2,1,1,68000,1,1,0,17000,68000
1,1,4,1,4,2,2,2,2,1,4,4,2,1,1,500,4,4,0,17000,14000
1,1,4,1,4,2,2,2,2,1,4,4,2,2,1,43000,2,2,0,17000,20500
1,1,4,1,4,2,2,2,2,1,4,4,2,1,1,51000,3,1,0,16950,15500
1,1,4,1,4,2,2,2,2,1,4,4,2,2,1,153900,2,1,0,16900,67600
1,1,4,1,4,2,2,2,2,1,4,4,2,2,1,235150,15,1,0,16830,9000
1,1,3,1,4,2,2,2,2,3,2,2,2,1,1,357300,4,4,0,16800,84500
1,1,3,1,4,2,2,2,2,3,2,3,2,1,1,39700,2,2,0,16800,18750
1,1,4,1,4,2,2,2,2,3,4,4,2,1,1,147550,807,2,0,16750,11150
1,1,3,1,4,2,2,2,2,4,2,2,2,1,1,18250,2,1,0,16750,12500
1,1,3,1,2,2,2,2,2,4,2,3,2,1,1,18250,1,1,0,16700,15750
2,4,3,1,4,2,2,2,2,1,2,2,2,2,1,70500,1,1,0,16700,65000
2,4,3,1,2,2,2,2,2,1,2,3,2,2,1,908600,44,44,39600,16650,19750
1,1,1,1,1,1,2,2,2,1,1,1,3,1,1,22000,10,10,0,16500,1500
1,1,2,1,1,3,2,2,2,1,3,2,3,2,1,19400,1,1,0,16500,18500
1,1,2,1,1,3,2,2,2,1,3,2,3,2,1,36900,1,1,0,16500,36000
1,1,2,1,1,3,2,2,2,1,3,2,3,2,1,32350,1,1,0,16500,24450
1,1,2,1,1,3,2,2,2,1,3,2,3,2,1,22400,2,2,0,16500,8200
1,1,1,1,1,1,2,2,2,1,1,1,3,1,1,2400,1,1,0,16500,2400
1,1,1,1,1,1,2,2,2,1,1,1,3,1,1,23000,1,1,0,16500,20500
1,1,1,1,1,1,2,2,2,1,1,1,3,1,1,19500,1,1,0,16300,18250
1,1,2,1,1,3,2,2,2,1,3,2,3,1,1,2400,1,1,0,16250,2400
1,1,2,1,1,3,2,2,2,1,3,2,3,1,1,2500,1,1,0,16250,2500
1,1,2,1,1,3,2,2,2,1,3,2,3,1,1,200,1,1,0,16250,10500
1,1,2,1,1,3,2,2,2,1,3,2,3,1,1,12750,1,1,0,16200,11750
1,1,2,1,1,3,2,2,2,1,3,2,3,1,1,18000,1,1,0,16200,16500
1,1,2,1,1,3,2,2,2,1,3,2,3,1,1,1000,1,1,0,16200,95000
1,1,2,1,1,3,2,2,2,1,3,2,3,1,1,38500,1,1,0,16000,37500
1,1,2,1,1,3,2,2,2,1,3,2,3,1,1,96000,6,6,0,16000,14500
1,1,2,1,1,3,2,2,2,1,3,2,3,2,1,1000,7,1,0,16000,13500
1,1,2,1,1,3,2,2,2,1,3,2,3,2,1,500,2001,1,0,16000,2500
1,1,2,1,1,3,2,2,2,1,3,2,3,2,1,26650,3,3,0,16000,4750
1,1,2,1,1,3,2,2,2,1,3,2,3,2,1,88400,10,10,12800,16000,8200
1,1,2,1,1,3,2,2,2,1,3,2,3,2,1,221500,400,400,0,16000,500
1,1,4,1,1,3,2,2,2,1,3,2,3,2,1,1000,6,6,0,15900,19000
1,1,2,1,1,3,2,2,2,1,3,3,3,1,1,89300,1,1,0,15750,83000
1,1,4,1,1,3,2,2,2,3,4,1,3,1,1,12250,1,1,0,15750,11500
1,1,3,1,4,2,2,2,2,1,2,2,3,1,1,3500,1,1,0,15750,3500
1,1,3,1,4,2,2,2,2,1,2,2,3,1,1,21000,1,1,0,15750,19500
1,1,3,1,4,2,2,2,2,1,2,2,3,1,1,17000,1,1,0,15750,15000
1,1,3,1,4,2,2,2,2,1,2,2,3,1,1,15000,1,1,0,15700,14000
1,1,3,1,4,2,2,2,2,1,2,2,3,1,1,500,6,6,0,15600,14750
1,1,3,1,2,2,2,2,2,1,2,2,3,1,1,500,15,15,0,15500,3900
1,1,3,1,3,2,2,2,2,1,2,2,3,2,1,15000,1,1,0,15500,14000
1,1,3,1,4,2,2,2,2,1,2,2,3,2,1,21000,1,1,0,15500,19500
1,1,3,1,4,2,2,2,2,1,2,2,3,2,1,22000,1,1,0,15500,20500
1,1,3,1,4,2,2,2,2,1,2,2,3,2,1,500,6,1,0,15500,40000
1,1,3,1,4,2,2,2,2,1,2,2,3,2,1,52500,3,3,0,15500,16000
1,1,3,1,4,2,2,2,2,1,2,2,3,2,1,36800,10,10,0,15500,2650
1,1,3,1,2,2,2,2,2,1,2,2,3,2,1,6000,5,5,0,15400,1200
1,1,3,1,4,2,2,2,2,1,2,4,3,1,1,4300,1,1,0,15400,3000
1,1,3,1,4,2,2,2,2,1,2,4,3,2,1,140000,7,7,0,15350,19000
1,1,3,1,4,2,2,2,2,1,2,4,3,2,1,144000,8,8,0,15250,17000
1,1,4,1,4,2,2,2,2,1,2,4,3,1,1,15750,1,1,0,15250,14750
1,1,3,1,2,2,2,2,2,1,2,4,3,2,1,14250,1,1,0,15250,12250
1,1,3,1,4,2,2,2,2,1,2,3,3,1,1,29250,2,1,0,15250,12500
1,1,3,1,2,2,2,2,2,1,2,3,3,1,1,11500,1,1,0,15200,8000
1,1,3,1,2,2,2,2,2,1,2,3,3,1,1,13000,1,1,0,15150,11500
1,1,3,1,2,2,2,2,2,1,2,3,3,1,1,70000,5,5,0,15100,11500
1,1,3,1,3,2,2,2,2,1,2,3,3,2,1,64400,4,4,0,15000,15000
1,1,4,1,4,2,2,2,2,1,2,3,3,1,1,24500,1,1,0,15000,23500
1,1,3,1,3,2,2,2,2,1,2,4,3,1,1,19200,1,1,0,15000,17000
1,1,3,1,3,2,2,2,2,1,2,4,3,1,1,500,3,3,0,15000,18000
1,1,3,1,3,2,2,2,2,1,2,4,3,1,1,12500,10,10,0,15000,650
1,1,3,1,3,2,2,2,2,1,2,4,3,1,1,15500,10,10,0,15000,1200
1,1,3,1,4,2,2,2,2,1,2,4,3,1,1,15500,1,1,0,15000,14500
1,1,3,1,4,2,2,2,2,1,2,4,3,1,1,20300,1,1,0,15000,18000
1,1,3,1,4,2,2,2,2,1,2,4,3,1,1,16000,10,10,0,15000,1250
1,1,3,1,3,2,2,2,2,1,2,4,3,2,1,15700,1,1,0,15000,14500
1,1,3,1,3,2,2,2,2,1,2,4,3,2,1,18800,4,4,0,15000,4200
1,1,3,1,2,2,2,2,2,1,2,4,3,2,1,17050,1,1,0,15000,15750
1,1,3,1,2,2,2,2,2,1,2,4,3,2,1,38600,2,2,0,14900,18000
1,1,3,1,2,2,2,2,2,1,2,4,3,2,1,43100,2,2,0,14900,20250
1,1,3,1,2,2,2,2,2,1,2,4,3,2,1,52600,2,2,0,14900,25000
1,1,4,1,4,2,2,2,2,1,2,4,3,1,1,13000,1,1,0,14800,11500
1,1,4,1,4,2,2,2,2,1,4,4,3,1,1,20500,1,1,0,14795,19000
1,1,4,1,4,2,2,2,2,1,4,4,3,1,1,4500,2,1,0,14750,2000
1,1,4,1,4,2,2,2,2,1,4,4,3,1,1,8000,2,2,0,14750,3000
1,1,4,1,4,2,2,2,2,3,4,4,3,1,1,123500,1,1,0,14750,94000
2,4,3,1,4,2,2,2,2,3,2,2,3,2,1,62250,3,3,0,14750,19750
1,1,4,1,4,4,2,2,2,4,4,2,3,2,1,33500,300,300,0,14750,100
2,2,1,2,1,1,2,2,2,1,1,1,1,2,1,0,2,2,0,14750,15750
2,2,3,2,3,2,2,2,2,1,2,4,1,2,1,0,1,1,0,14750,6100
2,2,3,2,3,2,2,2,2,1,2,4,1,2,1,0,1,1,0,14750,11750
2,4,3,2,4,2,2,2,2,1,2,3,1,2,1,0,1,1,0,14600,15750
2,4,1,2,1,1,2,2,2,2,1,1,2,3,1,254600,3,1,0,14600,11100
1,1,1,2,1,1,2,2,2,1,1,1,2,2,1,17000,1,1,0,14580,16000
1,1,1,2,1,1,2,2,2,1,1,1,2,2,1,19000,1,1,0,14500,17500
1,1,1,2,1,1,2,2,2,1,1,1,2,2,1,20100,1,1,0,14500,19000
1,1,1,2,1,1,2,2,2,1,1,1,2,2,1,50750,2,1,0,14500,11750
1,1,1,2,1,1,2,2,2,1,1,1,2,2,1,7800,3,3,0,14500,1700
1,1,1,2,1,1,2,2,2,1,1,1,2,2,1,500,4,4,0,14500,17500
1,1,1,2,1,1,2,2,2,1,1,1,2,3,1,17250,1,1,0,14500,15750
1,1,1,2,1,1,2,2,2,1,1,1,2,3,1,325400,1,1,0,14400,315000
1,1,1,2,1,1,2,2,2,1,1,1,2,3,1,426012,5,1,0,14400,51250
1,1,1,2,1,1,2,2,2,1,1,1,2,3,1,103500,6,3,0,14250,15500
1,1,1,2,1,1,2,2,2,1,1,1,2,3,1,144800,15,7,0,14250,5400
1,1,1,2,1,1,2,2,2,1,1,1,2,3,1,160000,10,10,0,14250,15000
1,1,1,2,1,1,2,2,2,1,1,1,2,3,1,72600,20,10,0,14250,2500
2,4,1,2,1,1,2,2,2,1,1,1,2,2,1,31500,2,2,0,14200,14750
1,1,1,2,1,1,2,2,2,3,1,1,2,2,1,13250,1,1,0,14200,12250
1,1,1,2,1,1,2,2,2,3,1,1,2,3,1,28900,3,1,0,14120,3500
1,1,1,2,1,1,2,2,2,4,1,1,2,2,1,99000,100,100,0,14000,600
2,4,1,2,1,1,2,2,2,2,1,1,2,2,1,21800,2,2,0,14000,9500
2,4,1,2,1,1,2,2,2,2,1,1,2,2,1,65000,4,2,0,14000,16500
2,4,1,2,1,1,2,2,2,2,1,1,2,2,1,77500,5,5,0,13750,14500
2,4,1,2,1,1,2,2,2,2,1,1,2,2,1,152600,7,7,0,13750,20500
2,4,1,2,1,1,2,2,2,2,1,1,2,2,1,20550,10,10,0,13500,1500
2,2,1,2,1,1,2,2,2,2,1,1,2,2,1,100000,100,100,0,13500,500
2,2,1,2,1,1,2,2,2,2,1,1,2,2,1,400000,400,400,0,13500,500
2,4,1,2,1,1,2,2,2,1,1,1,2,2,1,447500,2,1,0,13500,20500
2,4,1,2,1,1,2,2,2,1,1,1,2,2,1,189000,3,1,0,13400,60000
2,4,1,2,1,1,2,2,2,1,1,1,2,2,1,17750,1,1,0,13350,15750
2,4,1,2,1,1,2,2,2,1,1,1,2,2,1,15750,1,1,0,13300,14750
2,4,1,2,1,1,2,2,2,1,1,1,2,2,1,16750,1,1,0,13250,15750
2,4,1,2,1,1,2,2,2,1,1,1,2,2,1,20000,1,1,0,13250,19000
2,4,1,2,1,1,2,2,2,1,1,1,2,2,1,20750,1,1,0,13000,19750
2,4,1,2,1,1,2,2,2,1,1,1,2,2,1,200000,1,1,0,13000,200000
2,4,1,2,1,1,2,2,2,1,1,1,2,2,1,38500,1,1,0,13000,37500
2,4,1,2,1,1,2,2,2,1,1,1,2,2,1,96200,2,1,0,13000,8000
2,4,1,2,1,1,2,2,2,1,1,1,2,2,1,53350,7,1,0,13000,2650
2,4,1,2,1,1,2,2,2,1,1,1,2,2,1,80700,15,1,0,13000,6000
2,4,1,2,1,1,2,2,2,1,1,1,2,2,1,23700,1,1,0,12950,20500
2,4,1,2,1,1,2,2,2,1,1,1,2,2,1,53500,2,1,0,12900,14500
2,4,1,2,1,1,2,2,2,1,1,1,2,2,1,234000,30,1,0,12800,13500
2,4,1,2,1,1,2,2,2,1,1,1,2,2,1,74350,119,1,0,12750,9500
2,3,1,2,1,1,2,2,2,1,1,1,2,2,1,14900,1,1,0,12750,14000
2,3,1,2,1,1,2,2,2,1,1,1,2,2,1,57000,1,1,0,12750,57000
2,3,1,2,1,1,2,2,2,1,1,1,2,2,1,71100,4,1,0,12750,10500
2,3,1,2,1,1,2,2,2,1,1,1,2,2,1,90000,23,1,0,12650,68000
2,4,1,2,1,1,2,2,2,1,1,1,2,2,1,57000,3,1,0,12500,12000
2,4,1,2,1,1,2,2,2,1,1,1,2,2,1,167000,8,1,0,12250,17500
2,4,1,2,1,1,2,2,2,1,1,1,2,2,1,43000,1,1,0,12100,40000
2,4,1,2,1,1,2,2,2,1,1,1,2,2,1,15000,1,1,0,12000,14000
2,4,1,2,1,1,2,2,2,1,1,1,2,2,1,20000,1,1,0,12000,19000
2,4,1,2,1,1,2,2,2,1,1,1,2,2,1,20500,1,1,0,11500,19500
2,4,1,2,1,1,2,2,2,1,1,1,2,2,1,44250,3,1,0,11400,14000
2,4,1,2,1,1,2,2,2,1,1,1,2,2,1,73000,3,1,0,11300,18500
2,4,1,2,1,1,2,2,2,1,1,1,2,2,1,131450,6,1,0,11300,15000
2,4,1,2,1,1,2,2,2,1,1,1,2,2,1,92500,2,1,0,11300,15500
2,4,1,2,1,1,2,2,2,1,1,1,2,2,1,19250,1,1,0,11100,18750
2,4,1,2,1,1,2,2,2,1,1,1,2,2,1,234300,1,1,0,10800,230000
2,4,1,2,1,1,2,2,2,1,1,1,2,2,1,47600,1,1,0,10600,33500
2,2,1,2,1,1,2,2,2,1,1,1,2,2,1,16500,1,1,0,10600,15250
2,2,1,2,1,1,2,2,2,1,1,1,2,2,1,17000,1,1,0,10500,15750
2,2,1,2,1,1,2,2,2,1,1,1,2,2,1,17250,1,1,0,10500,16000
2,2,1,2,1,1,2,2,2,1,1,1,2,2,1,16830,1,1,0,10000,17500
2,2,1,2,1,1,2,2,2,1,1,1,2,2,1,19250,1,1,0,10000,18000
2,2,1,2,1,1,2,2,2,1,1,1,2,2,1,19500,1,1,0,10000,18250
2,2,1,2,1,1,2,2,2,1,1,1,2,2,1,19500,1,1,0,9700,18250
2,2,1,2,1,1,2,2,2,1,1,1,2,2,1,24750,1,1,0,9675,23500
2,2,1,2,1,1,2,2,2,1,1,1,2,2,1,79250,2,1,0,9600,18500
2,2,1,2,1,1,2,2,2,1,1,1,2,2,1,60250,3,1,0,9390,20500
2,2,1,2,1,1,2,2,2,1,1,1,2,2,1,82250,3,1,0,9200,37500
2,4,1,2,1,1,2,2,2,1,1,1,2,2,1,38000,2,2,0,9000,18000
2,4,1,2,1,1,2,2,2,1,1,1,2,2,1,42000,5,2,0,9000,6400
2,4,1,2,1,1,2,2,2,1,1,1,2,2,1,32000,2,2,0,9000,14500
2,4,1,2,1,1,2,2,2,1,1,1,2,2,1,44000,2,2,0,8700,21000
2,4,1,2,1,1,2,2,2,1,1,1,2,2,1,76250,5,2,0,8500,12000
2,4,1,2,1,1,2,2,2,1,1,1,2,2,1,32200,2,2,0,8200,15000
2,4,1,2,1,1,2,2,2,1,1,1,2,2,1,9000,2,2,0,8200,3000
2,3,1,2,1,1,2,2,2,1,1,1,2,2,1,25650,2,2,0,8000,13500
2,3,1,2,1,1,2,2,2,1,1,1,2,2,1,31800,2,2,0,8000,15000
2,3,1,2,1,1,2,2,2,1,1,1,2,2,1,45300,2,2,0,8000,21750
2,3,1,2,1,1,2,2,2,1,1,1,2,2,1,28200,4,2,0,8000,7500
2,4,1,2,1,1,2,2,2,1,1,1,2,2,1,30340,2,2,0,8000,14750
2,4,1,2,1,1,2,2,2,1,1,1,2,2,1,40150,2,2,0,7940,23000
2,4,1,2,1,1,2,2,2,1,1,1,2,2,1,40000,2,2,0,7800,19000
2,4,1,2,1,1,2,2,2,1,1,1,2,2,1,36480,2,2,0,7500,19000
2,4,1,2,1,1,2,2,2,1,1,1,2,2,1,26000,2,2,0,7500,14000
2,4,1,2,1,1,2,2,2,1,1,1,2,2,1,85000,6,2,0,7500,16500
2,4,1,2,1,1,2,2,2,1,1,1,2,2,1,67700,2,2,0,7400,33500
2,2,1,2,1,1,2,2,2,1,1,1,2,2,1,32000,2,2,0,7400,14750
2,2,1,2,1,1,2,2,2,1,1,1,2,2,1,41500,2,2,0,7300,19500
2,4,1,2,1,1,2,2,2,1,1,1,2,2,1,34000,3,3,0,7000,13500
2,4,1,2,1,1,2,2,2,1,1,1,2,2,1,247900,208,3,0,6900,20500
2,3,1,2,1,1,2,2,2,1,1,1,2,2,1,44700,3,3,0,6900,14000
2,3,1,2,1,1,2,2,2,1,1,1,2,2,1,49200,3,3,0,6820,15500
2,4,1,2,1,1,2,2,2,1,1,1,2,2,1,51000,3,3,0,6500,15500
2,4,1,2,1,1,2,2,2,1,1,1,2,2,1,55670,3,3,0,6280,18000
2,4,1,2,1,1,2,2,2,1,1,1,2,2,1,52500,3,3,0,6000,16000
2,2,1,2,1,1,2,2,2,1,1,1,2,2,1,59500,8,3,0,6000,15750
2,4,1,2,1,1,2,2,2,1,1,1,2,2,1,68000,4,4,0,5775,15750
2,4,1,2,1,1,2,2,2,1,1,1,2,2,1,70000,4,4,0,5000,16500
2,4,1,2,1,1,2,2,2,1,1,1,2,2,1,138000,8,4,0,4900,18000
2,4,1,2,1,1,2,2,2,1,1,1,2,2,1,62000,4,4,0,4750,14500
2,4,1,2,1,1,2,2,2,1,1,1,2,2,1,70800,4,4,0,4500,16500
2,4,1,2,1,1,2,2,2,1,1,1,2,2,1,85250,5,5,0,4500,15750
2,4,1,2,1,1,2,2,2,1,1,1,2,2,1,53200,5,5,0,4500,3000
2,4,1,2,1,1,2,2,2,1,1,1,2,2,1,16500,5,5,0,4500,2700
2,4,1,2,1,1,2,2,2,1,1,1,2,2,1,16500,5,5,0,4500,2700
2,4,1,2,1,1,2,2,2,1,1,1,2,2,1,227500,11,5,0,4500,20500
2,4,1,2,1,1,2,2,2,1,1,1,2,2,1,53100,5,5,0,4500,10000
2,4,1,2,1,1,2,2,2,1,1,1,2,2,1,100000,5,5,0,4500,18500
2,4,1,2,1,1,2,2,2,1,1,1,2,2,1,78750,5,5,0,4400,14750
2,4,1,2,1,1,2,2,2,1,1,1,2,2,1,97500,5,5,0,4350,18500
2,4,1,2,1,1,2,2,2,1,1,1,2,2,1,195800,5,5,0,4300,37500
2,4,1,2,1,1,2,2,2,1,1,1,2,2,1,181250,10,5,0,4250,13500
2,2,1,2,1,1,2,2,2,1,1,1,2,2,1,8500,5,5,0,4250,1200
2,4,1,2,1,1,2,2,2,1,1,1,2,2,1,106500,6,6,0,4100,16500
2,2,1,2,1,1,2,2,2,1,1,1,2,2,1,121500,6,6,0,4000,19000
2,2,1,2,1,1,2,2,2,1,1,1,2,2,1,121500,6,6,0,4000,19000
2,4,1,2,1,1,2,2,2,1,1,1,2,2,1,133000,7,7,0,4000,17500
2,4,1,2,1,1,2,2,2,1,1,1,2,2,1,68800,7,7,0,3950,7900
2,2,1,2,1,1,2,2,2,1,1,1,2,2,1,136500,7,7,0,3900,18250
2,2,1,2,1,1,2,2,2,1,1,1,2,2,1,148000,7,7,0,3900,20250
2,4,1,2,1,1,2,2,2,1,1,1,2,2,1,136400,8,8,0,3900,15750
2,4,1,2,1,1,2,2,2,1,1,1,2,2,1,21200,8,8,0,3900,1500
2,4,1,2,1,1,2,2,2,1,1,1,2,2,1,135000,9,9,0,3500,13500
2,4,1,2,1,1,2,2,2,1,1,1,2,2,1,175500,9,9,0,3500,18000
2,4,1,2,1,1,2,2,2,1,1,1,2,2,1,152500,10,10,0,3500,13750
2,4,1,2,1,1,2,2,2,1,1,1,2,2,1,197900,10,10,0,3500,20500
2,3,1,2,1,1,2,2,2,1,1,1,2,2,1,149580,10,10,0,3500,15000
2,3,1,2,1,1,2,2,2,1,1,1,2,2,1,259000,10,10,0,3500,25000
2,3,1,2,1,1,2,2,2,1,1,1,2,2,1,733500,40,10,0,3500,15000
2,4,1,2,1,1,2,2,2,1,1,1,2,2,1,192500,10,10,0,3500,18250
2,2,1,2,1,1,2,2,2,1,1,1,2,2,1,225250,11,11,0,3500,19500
2,4,1,2,1,1,2,2,2,1,1,1,2,2,1,198000,12,12,0,3500,15000
2,4,1,2,1,1,2,2,2,1,1,1,2,2,1,55400,12,12,0,3500,4350
2,3,1,2,1,1,2,2,2,1,1,1,2,2,1,353000,20,20,0,3500,16750
2,2,1,2,1,1,2,2,2,1,1,1,2,2,1,121260,21,21,0,3500,19000
2,4,1,2,1,1,2,2,2,1,1,1,2,2,1,800000,40,40,0,3500,18500
2,2,1,2,1,1,2,2,2,1,1,1,2,2,1,630000,40,40,0,3500,14500
2,3,1,2,1,1,2,2,2,1,1,1,2,2,1,462000,50,50,0,3500,7200
2,3,1,2,1,1,2,2,2,1,1,1,2,2,1,618200,58,58,0,3000,10000
2,4,1,2,1,1,2,2,2,1,1,1,2,2,1,704400,90,90,0,3000,7000
2,2,1,2,1,1,2,2,2,1,1,1,2,2,1,90000,90,90,0,3000,500
2,4,1,2,1,1,2,2,2,1,1,1,2,2,1,1876500,100,100,0,2800,17750
2,2,1,2,1,1,2,2,2,1,1,1,2,2,1,300000,300,300,0,2500,500
2,2,1,2,1,1,2,2,2,1,1,1,2,2,1,1020000,500,500,0,2500,1620
2,2,1,2,1,1,2,2,2,1,1,1,2,2,1,1020000,500,500,0,2500,1620
2,4,1,2,1,1,2,2,2,1,1,1,2,2,1,1750000,1000,1000,0,2500,1550
2,4,1,2,1,1,2,2,2,4,1,1,2,2,1,41250,3,3,0,2500,12250
2,4,1,2,1,1,2,2,2,3,1,1,2,2,1,4350,1,1,0,2500,3250
2,4,1,2,1,1,2,2,2,3,1,1,2,2,1,42350,1,1,0,2400,41250
2,4,1,2,1,1,2,2,2,3,1,1,2,2,1,121000,2,1,0,2400,18500
2,4,1,2,1,1,2,2,2,3,1,1,2,2,1,34750,2,1,0,2400,14250
2,4,1,2,1,1,2,2,2,3,1,1,2,2,1,43100,4,4,0,2400,10000
2,4,1,2,1,1,2,2,2,4,1,1,2,2,1,19750,1,1,0,2400,18250
2,4,1,2,1,1,2,2,2,4,1,1,2,2,1,38500,1,1,0,2400,37500
1,1,2,2,1,3,2,2,2,2,3,2,2,3,1,15000,1,1,0,2400,14500
1,1,4,2,4,3,2,2,2,1,4,2,2,2,1,39400,2,2,0,2100,17800
1,1,2,2,1,3,2,2,2,1,3,2,2,2,1,1200,1,1,0,2000,1200
1,1,2,2,1,3,2,2,2,1,3,2,2,2,1,2400,1,1,0,2000,2400
1,1,2,2,1,3,2,2,2,1,3,2,2,2,1,10000,1,1,0,1300,10000
1,1,2,2,1,3,2,2,2,1,3,2,2,2,1,21000,1,1,0,1200,19500
1,1,2,2,1,3,2,2,2,1,3,2,2,3,1,14750,1,1,0,1200,13750
1,1,2,2,1,3,2,2,2,3,3,2,2,2,1,13750,1,1,0,1200,12750
1,1,2,2,1,3,2,2,2,3,3,2,2,2,1,68750,5,5,0,1200,12750
2,4,4,2,1,3,2,2,2,2,3,2,2,2,1,60000,21,1,0,1000,650
2,4,4,2,1,3,2,2,2,2,3,2,2,2,1,26000,1,1,0,0,25000
2,2,2,2,1,3,2,2,2,2,3,4,2,2,1,147500,10,2,0,0,14000
2,2,2,2,1,3,2,2,2,2,3,4,2,2,1,72000,4,4,0,0,16750
2,4,2,2,1,3,2,2,2,1,4,1,2,2,1,74000,4,2,0,0,15000
2,4,2,2,1,3,2,2,2,1,3,2,2,3,1,61300,2,1,0,0,24450
2,4,2,2,1,3,2,2,2,1,3,2,2,3,1,30700,4,1,0,0,1200
2,4,2,2,1,3,2,2,2,1,3,2,2,3,1,73100,45,1,0,0,2750
